-- phpMyAdmin SQL Dump
-- version 4.0.10.12
-- http://www.phpmyadmin.net
--
-- Host: 127.9.106.2:3306
-- Erstellungszeit: 19. Jan 2016 um 22:20
-- Server Version: 5.5.45
-- PHP-Version: 5.3.3

SET SQL_MODE = "NO_AUTO_VALUE_ON_ZERO";
SET time_zone = "+00:00";

--
-- Datenbank: `winzen`
--

-- --------------------------------------------------------

--
-- Tabellenstruktur für Tabelle `EventNodes`
--

CREATE TABLE IF NOT EXISTS `EventNodes` (
  `EventNodeId` int(5) NOT NULL AUTO_INCREMENT,
  `EventId` int(5) NOT NULL,
  `SubjectId` int(5) NOT NULL,
  `ObjectId` int(5) NOT NULL,
  PRIMARY KEY (`EventNodeId`),
  KEY `EventId` (`EventId`,`SubjectId`,`ObjectId`)
) ENGINE=InnoDB  DEFAULT CHARSET=utf8 AUTO_INCREMENT=317 ;

--
-- Daten für Tabelle `EventNodes`
--

INSERT INTO `EventNodes` (`EventNodeId`, `EventId`, `SubjectId`, `ObjectId`) VALUES
(1, 1, 48, 5),
(2, 1, 48, 16),
(3, 1, 48, 34),
(4, 1, 48, 69),
(5, 42, 48, 5),
(6, 42, 48, 42),
(9, 42, 48, 43),
(7, 42, 48, 54),
(8, 42, 48, 70),
(10, 68, 69, 46),
(11, 78, 48, 53),
(12, 105, 48, 41),
(13, 112, 69, 54),
(15, 126, 34, 5),
(14, 126, 34, 7),
(16, 126, 34, 18),
(17, 126, 34, 23),
(18, 126, 34, 31),
(19, 126, 34, 33),
(20, 126, 34, 35),
(21, 126, 34, 40),
(22, 126, 34, 41),
(23, 126, 34, 42),
(24, 126, 34, 43),
(25, 126, 34, 46),
(26, 126, 34, 50),
(27, 126, 34, 54),
(28, 126, 34, 61),
(29, 126, 34, 67),
(30, 126, 34, 69),
(31, 126, 34, 70),
(47, 127, 5, 0),
(32, 127, 5, 1),
(33, 127, 5, 7),
(34, 127, 5, 24),
(35, 127, 5, 33),
(36, 127, 5, 34),
(37, 127, 5, 41),
(38, 127, 5, 42),
(39, 127, 5, 43),
(40, 127, 5, 48),
(41, 127, 5, 49),
(42, 127, 5, 50),
(43, 127, 5, 54),
(44, 127, 5, 67),
(45, 127, 5, 68),
(46, 127, 5, 69),
(48, 127, 5, 70),
(51, 130, 18, 0),
(49, 130, 18, 17),
(50, 130, 18, 34),
(52, 130, 18, 69),
(53, 133, 7, 5),
(54, 133, 7, 24),
(55, 138, 34, 2),
(56, 138, 34, 11),
(57, 138, 34, 13),
(58, 138, 34, 14),
(59, 138, 34, 15),
(60, 138, 34, 26),
(61, 138, 34, 27),
(62, 138, 34, 29),
(63, 138, 34, 31),
(64, 138, 34, 38),
(65, 138, 34, 39),
(66, 138, 34, 40),
(67, 138, 34, 44),
(68, 138, 34, 46),
(70, 138, 34, 54),
(71, 138, 34, 55),
(72, 138, 34, 56),
(69, 138, 34, 58),
(73, 138, 34, 59),
(74, 138, 34, 62),
(75, 140, 34, 8),
(76, 140, 34, 18),
(77, 140, 34, 19),
(78, 140, 34, 23),
(79, 140, 34, 32),
(80, 140, 34, 44),
(81, 140, 34, 47),
(82, 141, 18, 8),
(83, 141, 18, 19),
(84, 141, 18, 32),
(85, 141, 18, 34),
(86, 141, 18, 47),
(87, 141, 18, 69),
(88, 142, 18, 8),
(89, 142, 18, 19),
(90, 142, 18, 32),
(91, 142, 18, 34),
(92, 142, 18, 47),
(93, 144, 33, 23),
(94, 144, 33, 34),
(95, 144, 33, 46),
(96, 144, 33, 67),
(97, 144, 33, 69),
(105, 144, 69, 0),
(98, 144, 69, 3),
(99, 144, 69, 6),
(100, 144, 69, 9),
(101, 144, 69, 10),
(102, 144, 69, 20),
(103, 144, 69, 21),
(104, 144, 69, 23),
(106, 144, 69, 28),
(107, 144, 69, 33),
(108, 144, 69, 34),
(109, 144, 69, 36),
(110, 144, 69, 37),
(111, 144, 69, 40),
(112, 144, 69, 44),
(113, 144, 69, 46),
(114, 144, 69, 51),
(115, 144, 69, 60),
(116, 144, 69, 63),
(117, 144, 69, 64),
(118, 144, 69, 65),
(119, 144, 69, 66),
(120, 144, 69, 67),
(121, 144, 69, 68),
(122, 147, 69, 5),
(123, 147, 69, 18),
(124, 147, 69, 19),
(125, 147, 69, 27),
(126, 147, 69, 33),
(127, 147, 69, 34),
(128, 147, 69, 41),
(129, 147, 69, 43),
(130, 147, 69, 46),
(131, 147, 69, 50),
(132, 147, 69, 53),
(133, 147, 69, 54),
(134, 147, 69, 54),
(135, 147, 69, 67),
(136, 147, 69, 67),
(137, 147, 69, 70),
(150, 148, 69, 0),
(164, 148, 69, 0),
(138, 148, 69, 5),
(139, 148, 69, 8),
(140, 148, 69, 10),
(141, 148, 69, 11),
(142, 148, 69, 12),
(143, 148, 69, 13),
(144, 148, 69, 14),
(145, 148, 69, 15),
(146, 148, 69, 17),
(147, 148, 69, 18),
(148, 148, 69, 21),
(149, 148, 69, 23),
(151, 148, 69, 27),
(152, 148, 69, 28),
(153, 148, 69, 29),
(154, 148, 69, 31),
(155, 148, 69, 32),
(156, 148, 69, 34),
(157, 148, 69, 35),
(158, 148, 69, 36),
(159, 148, 69, 37),
(160, 148, 69, 38),
(161, 148, 69, 39),
(162, 148, 69, 40),
(163, 148, 69, 41),
(165, 148, 69, 44),
(166, 148, 69, 45),
(167, 148, 69, 47),
(169, 148, 69, 49),
(170, 148, 69, 50),
(171, 148, 69, 52),
(172, 148, 69, 53),
(173, 148, 69, 55),
(168, 148, 69, 58),
(174, 148, 69, 59),
(175, 148, 69, 60),
(176, 148, 69, 62),
(177, 148, 69, 63),
(178, 148, 69, 66),
(179, 155, 5, 53),
(180, 155, 53, 5),
(181, 155, 53, 54),
(182, 157, 31, 34),
(183, 163, 27, 34),
(184, 165, 65, 5),
(185, 165, 65, 34),
(186, 165, 65, 69),
(187, 176, 4, 5),
(188, 176, 4, 34),
(189, 176, 4, 43),
(190, 176, 4, 50),
(191, 176, 4, 53),
(192, 176, 4, 54),
(193, 176, 4, 69),
(194, 185, 69, 58),
(197, 259, 29, 18),
(198, 259, 29, 34),
(199, 259, 29, 47),
(195, 274, 0, 34),
(196, 274, 0, 69),
(200, 348, 34, 5),
(201, 348, 34, 35),
(202, 348, 34, 38),
(203, 348, 34, 44),
(204, 348, 34, 69),
(205, 465, 48, 5),
(206, 492, 5, 1),
(207, 492, 5, 4),
(208, 492, 5, 7),
(209, 492, 5, 24),
(210, 492, 5, 33),
(211, 492, 5, 34),
(212, 492, 5, 42),
(213, 492, 5, 48),
(214, 492, 5, 49),
(215, 492, 5, 54),
(216, 492, 5, 67),
(217, 492, 5, 69),
(218, 492, 5, 70),
(219, 493, 34, 31),
(220, 493, 34, 40),
(221, 1000, 28, 0),
(222, 1001, 53, 0),
(223, 1002, 49, 0),
(224, 1003, 67, 0),
(225, 1004, 43, 0),
(226, 1005, 7, 0),
(227, 1006, 33, 0),
(228, 1007, 5, 0),
(229, 1008, 23, 0),
(230, 1009, 50, 0),
(231, 1010, 69, 0),
(232, 1011, 16, 0),
(233, 1012, 46, 0),
(234, 1013, 54, 0),
(235, 1014, 4, 0),
(236, 1015, 58, 0),
(237, 1016, 48, 0),
(238, 1017, 59, 0),
(239, 1018, 45, 0),
(240, 1019, 40, 0),
(241, 1020, 44, 0),
(242, 1021, 38, 0),
(243, 1022, 15, 0),
(244, 1023, 34, 0),
(245, 1024, 8, 0),
(246, 1025, 29, 0),
(247, 1026, 47, 0),
(248, 1027, 18, 0),
(249, 1028, 27, 0),
(250, 1029, 41, 0),
(251, 1030, 68, 0),
(252, 1031, 30, 0),
(253, 1032, 42, 0),
(254, 1033, 70, 0),
(255, 2001, 4, 0),
(256, 2002, 5, 0),
(257, 2003, 7, 0),
(258, 2004, 15, 0),
(259, 2005, 16, 0),
(260, 2006, 18, 0),
(261, 2007, 23, 0),
(262, 2008, 28, 0),
(263, 2009, 31, 0),
(264, 2010, 33, 0),
(265, 2011, 34, 0),
(266, 2012, 40, 0),
(267, 2013, 41, 0),
(268, 2014, 42, 0),
(269, 2015, 43, 0),
(270, 2016, 44, 0),
(271, 2017, 46, 0),
(272, 2018, 50, 0),
(273, 2019, 53, 0),
(274, 2020, 54, 0),
(275, 2021, 58, 0),
(276, 2022, 61, 0),
(277, 2023, 65, 0),
(278, 2024, 67, 0),
(279, 2025, 69, 0),
(280, 2026, 70, 0),
(281, 2200, 18, 0),
(282, 2201, 34, 0),
(283, 2202, 48, 0),
(284, 2300, 16, 0),
(285, 2300, 48, 0),
(286, 2300, 61, 0),
(287, 2400, 4, 0),
(288, 2401, 5, 0),
(289, 2402, 15, 0),
(290, 2403, 18, 0),
(291, 2404, 23, 0),
(292, 2405, 31, 0),
(293, 2406, 33, 0),
(294, 2407, 34, 0),
(295, 2408, 40, 0),
(296, 2409, 41, 0),
(297, 2410, 43, 0),
(298, 2411, 44, 0),
(299, 2412, 46, 0),
(300, 2413, 50, 0),
(301, 2414, 51, 0),
(302, 2415, 53, 0),
(303, 2416, 54, 0),
(304, 2417, 58, 0),
(305, 2418, 65, 0),
(306, 2419, 67, 0),
(307, 2429, 68, 0),
(308, 2430, 69, 0),
(309, 9900, 33, 0),
(310, 9901, 34, 0),
(311, 9902, 44, 0),
(312, 9903, 45, 0),
(313, 9904, 46, 0),
(314, 9905, 53, 0),
(315, 9906, 65, 0),
(316, 9907, 67, 0);

-- --------------------------------------------------------

--
-- Tabellenstruktur für Tabelle `ExecutiveAction`
--

CREATE TABLE IF NOT EXISTS `ExecutiveAction` (
  `ExecutiveActionId` int(12) NOT NULL AUTO_INCREMENT,
  `Type` enum('Festnahme','Entlassung','Einweisung','Verhör','Anklage','Gerichtsverfahren','Verurteilung') NOT NULL,
  `ActionDate` date NOT NULL,
  `ActionHours` varchar(10) NOT NULL,
  `Description` varchar(255) NOT NULL,
  `Abstract` text NOT NULL,
  `Accusation` varchar(255) NOT NULL,
  `Court` varchar(50) NOT NULL,
  `Sentence` varchar(255) NOT NULL,
  `SentenceJail` varchar(255) NOT NULL,
  `JailReduction` int(11) NOT NULL,
  `SentenceHonor` text NOT NULL,
  `isSentenceDeath` tinyint(1) NOT NULL,
  `JailLocation` text NOT NULL,
  PRIMARY KEY (`ExecutiveActionId`)
) ENGINE=MyISAM  DEFAULT CHARSET=utf8 AUTO_INCREMENT=2431 ;

--
-- Daten für Tabelle `ExecutiveAction`
--

INSERT INTO `ExecutiveAction` (`ExecutiveActionId`, `Type`, `ActionDate`, `ActionHours`, `Description`, `Abstract`, `Accusation`, `Court`, `Sentence`, `SentenceJail`, `JailReduction`, `SentenceHonor`, `isSentenceDeath`, `JailLocation`) VALUES
(2001, 'Festnahme', '0000-00-00', '', 'Rundfunkverbrechen, diskutiert, überführt und geständig', '', '', '', '', '', 0, '', 0, ''),
(2002, 'Festnahme', '0000-00-00', '', 'Wohnung zur Verfügung gestellt, Falschgeldherstellung, Rundfunkverbrechen, versucht weitere Mitglieder zu werben', '', 'Verdachts der Vorbereitung zum Hochverrat', '', '', '', 0, '', 0, ''),
(2003, 'Festnahme', '0000-00-00', '', '', '', 'Verdachts der Vorbereitung zum Hochverrat', '', '', '', 0, '', 0, ''),
(2004, 'Festnahme', '0000-00-00', '', 'Wanderungen teilgenommen, Winzen und Kasel getroffen, machte sich deren Weltanschaaung zu eigen, Briefwechsel mit Kasel..', '', '', '', '', '', 0, '', 0, ''),
(2005, 'Festnahme', '0000-00-00', '', '', '', '', '', '', '', 0, '', 0, ''),
(2006, 'Festnahme', '0000-00-00', '', 'Verdachts der Vorbereitung zum Hochverrat, von Kasel illg hetzschriften erhalten, hat sich beteiligt Soldaten anzuwerben, Geldspenden, Diebstahl Wehrmachtr, Durchstecherei', '', 'Verdachts der Vorbereitung zum Hochverrat', '', '', '', 0, '', 0, ''),
(2007, 'Festnahme', '0000-00-00', '', 'Teilnahme an Schulungsbaenden, Hetzschriften', '', '', '', '', '', 0, '', 0, ''),
(2008, 'Festnahme', '0000-00-00', '', '', '', 'Bildung der Einheitsfronft', '', '', '', 0, '', 0, ''),
(2009, 'Festnahme', '0000-00-00', '', 'Mit Kasel staatsfeind. Unterredungen, illegale Hetzschriften, lagerte Material von Winzen', '', '', '', '', '', 0, '', 0, ''),
(2010, 'Festnahme', '0000-00-00', '', 'Nahm an Zusammenkünften bei Lampe und Becker teil, außerdem Rundfunkverbrechen', '', '', '', '', '', 0, '', 0, ''),
(2011, 'Festnahme', '0000-00-00', '', 'Wohnung zur Verfügung gestellt, engster Mitarbeiter des PW. Material aus Beständen der Wehrmacht entwendet, Hetzschriften verlesen, Rundfunkverbrechen', '', 'Verdachts der Vorbereitung zum Hochverrat', '', '', '', 0, '', 0, ''),
(2012, 'Festnahme', '0000-00-00', '', 'im Mai 1940 Hetzschriften gelesen', '', '', '', '', '', 0, '', 0, ''),
(2013, 'Festnahme', '0000-00-00', '', 'durch PW angeworben, überführt u Geständig, Hetzschriften gelesen, Wohnung Becker, Rundfunkverbrechen', '', '', '', '', '', 0, '', 0, ''),
(2014, 'Festnahme', '0000-00-00', '', 'staatsfeindliche Gespräche mit Padberg, unbekannt ob er mit Organisation zusammensteht', '', '', '', '', '', 0, '', 0, ''),
(2015, 'Festnahme', '0000-00-00', '', 'staatsfeindliche Gespräche, Wohnung Becker, verbotene Bücher, Rundfunkverbrechen', '', '', '', '', '', 0, '', 0, ''),
(2016, 'Festnahme', '0000-00-00', '', 'Wanderungen, staatsabträgliche Unterhaltungen, besuchte Winzen, illegale Hetzschriften erhalten', '', '', '', '', '', 0, '', 0, ''),
(2017, 'Festnahme', '0000-00-00', '', 'Anfang 1939 gemeinsam mit den übrigen Mitbeschuldigten eine illegale Organisation gegründet, von Mitte 1939 bis Januar 1940 Zusammenkünfte in seiner Wohnung, nicht einwandfrei festgestellt ob bei Wehrmacht rekrutiert', '', '', '', '', '', 0, '', 0, ''),
(2018, 'Festnahme', '0000-00-00', '', 'Kontakt mit Padberg und Kriegeskorte, Teilnahem an Schulungsabenden, Rundfunkverbrechen, Bücher', '', '', '', '', '', 0, '', 0, ''),
(2019, 'Festnahme', '0000-00-00', '', 'Rundfunkverbrechen, Wohnung Becker', '', '', '', '', '', 0, '', 0, ''),
(2020, 'Festnahme', '0000-00-00', '', '', '', 'Belastet von Vater, Versuche Rundfunkverbrechen, Mitglieder angeworben, Untermieter bei Becker, Hetzschriften gelesen', '', '', '', 0, '', 0, ''),
(2021, 'Festnahme', '0000-00-00', '', 'Belastende Briefe', '', '', '', '', '', 0, '', 0, ''),
(2022, 'Festnahme', '0000-00-00', '', '?', '', '?', '', '', '', 0, '', 0, ''),
(2023, 'Festnahme', '0000-00-00', '', 'Belastet durch Aussage PW, belastet durch Bericht Kesting (Material PW aussortiert…)', '', '', '', '', '', 0, '', 0, ''),
(2024, 'Festnahme', '0000-00-00', '', 'Wohnung Becker, Wohnung Jungmann, Rundfunkverbrechen', '', '', '', '', '', 0, '', 0, ''),
(2025, 'Festnahme', '0000-00-00', '', '', '', 'Illegale Organisation -Wortführer Schulungsabedne bei Jungmann, Kasel, Lampe, Becker, Hetzschriften verfasst, Rundfunkverbrechen, Mitglieder angeworben, Mitwisser Diebstahl Wehrmacht, Wehrkraftzersetzung', '', '', '', 0, '', 0, ''),
(2026, 'Festnahme', '0000-00-00', '', 'Mit Franz Becker staatsfeindliche Reden geführt, Wohnung Becker, nicht Mitglied der illegalen organisation', '', '', '', '', '', 0, '', 0, ''),
(2400, '', '0000-00-00', '', 'Vorbereitung eines hochverräterischen Unternehmens', '', '', 'OLG Hamm', 'Verlust der Wehrwürdigkeit', '36', 8, '60', 0, ''),
(2401, '', '0000-00-00', '', 'Vorbereitung zum Hochverrat, Rundfunkverbrechen', '', '', 'VGH', '', '120', 19, '120', 0, ''),
(2402, '', '0000-00-00', '', 'Vorbereitung eines hochverräterischen Unternehmens, „Vorbereitung zum Hochverrat“ ,', '', '', 'OLG Hamm', 'Verlust der Wehrwürdigkeit', '36', 9, '60', 0, ''),
(2403, '', '0000-00-00', '', 'Vorbereitung zum Hochverrat, militärischer Diebstahl', '', '', 'Reichskriegsgericht, 1. Senat', 'Verlust der Wehrwürdigkeit', '60', 24, '60', 0, ''),
(2404, '', '0000-00-00', '', 'Vorbereitung eines hochverräterischen Unternehmens, „Vorbereitung zum Hochverrat“ ', '', '', 'OLG Hamm', 'Verlust der Wehrwürdigkeit', '42', 6, '60', 0, ''),
(2405, '', '0000-00-00', '', 'Vorbereitung eines hochverräterischen Unternehmens', '', '', 'OLG Hamm', '', '24', 8, '60', 0, ''),
(2406, '', '0000-00-00', '', 'Vorbereitung eines hochverräterischen Unternehmens, „Vorbereitung zum Hochverrat“ , Rundfunkverbrechen', '', '', 'OLG Hamm', '', '96', 9, '120', 0, ''),
(2407, '', '0000-00-00', '', 'Zersetzung der Wehrkraft, Vorbereitung zum Hochverrat, Vorbereitung zum Hochverrat, Rundfunkverbrechen', '', '', 'VGH', '', '', 0, 'Lebenszeit', 0, ''),
(2408, '', '0000-00-00', '', 'Vorbereitung eines hochverräterischen Unternehmens', '', '', 'OLG Hamm', 'Verlust der Wehrwürdigkeit', '30', 9, '60', 0, ''),
(2409, '', '0000-00-00', '', 'Vorbereitung eines hochverräterischen Unternehmens', '', '', 'OLG Hamm', '', '', 11, '', 0, ''),
(2410, '', '0000-00-00', '', 'Vorbereitung eines hochverräterischen Unternehmens in tateinheit mit Rundfunkverbrechen', '', '', 'OLG Hamm', 'Zulässigkeit von Polizeiaufsicht', '60', 12, '60', 0, ''),
(2411, '', '0000-00-00', '', 'Vorbereitung eines hochverräterischen Unternehmens', '', '', 'OLG Hamm', 'Verlust der Wehrwürdigkeit', '30', 6, '60', 0, ''),
(2412, '', '0000-00-00', '', 'Vorbereitung eines hochverräterischen Unternehmens', '', '', 'OLG Hamm', 'Verlust der Wehrwürdigkeit', '54', 10, '60', 0, 'Oberems'),
(2413, '', '0000-00-00', '', 'Vorbereitung eines hochverräterischen Unternehmens in tateinheit mit Rundfunkverbrechen', '', '', 'OLG Hamm', '', '48', 12, '60', 0, ''),
(2414, '', '0000-00-00', '', 'Rundfunkverbrechen', '', '', 'OLG Hamm', '', '24', 11, '36', 0, ''),
(2415, '', '0000-00-00', '', 'Rundfunkverbrechen', '', '', 'OLG Hamm', '', '24', 11, '36', 0, ''),
(2416, '', '0000-00-00', '', 'Vorbereitung eines hochverräterischen Unternehmens in tateinheit mit Rundfunkverbrechen', '', '', 'OLG Hamm', 'Verlust der Wehrwürdigkeit', '60', 12, '60', 0, ''),
(2417, '', '0000-00-00', '', 'Vorbereitung eines hochverräterischen Unternehmens, „Vorbereitung zum Hochverrat“ ', '', '', 'OLG Hamm', '', '48', 10, '60', 0, ''),
(2418, '', '0000-00-00', '', '', '', '', 'OLG Hamm', '', '', 0, '', 0, ''),
(2419, '', '0000-00-00', '', 'Vorbereitung eines hochverräterischen Unternehmens', '', '', 'OLG Hamm', '', '36', 9, '60', 0, 'Oberems'),
(2429, '', '0000-00-00', '', '', '', '', 'OLG Hamm', '', '', 0, '', 0, ''),
(2430, '', '0000-00-00', '', 'Zersetzung der Wehrkraft, Vorbereitung zum Hochverrat, Rundfunkverbrechen', '', '', 'VGH', 'Todesstrafe', '', 0, 'Lebenszeit', 0, 'Berlin-Plötzensee');

-- --------------------------------------------------------

--
-- Tabellenstruktur für Tabelle `Group`
--

CREATE TABLE IF NOT EXISTS `Group` (
  `GroupId` int(8) NOT NULL AUTO_INCREMENT,
  `GroupName` int(11) NOT NULL,
  `ParentGroupId` int(1) NOT NULL,
  `Description` int(11) NOT NULL,
  `FoundedDate` date NOT NULL,
  `GroupType` enum('Armee','Gesellschaft','Widerstand','Partei','Gewerkschaft','Kirche') NOT NULL,
  `GroupAttribute` enum('NS-Organisation','Nicht-NS-Organisation') NOT NULL,
  PRIMARY KEY (`GroupId`),
  KEY `ParentGroupId` (`ParentGroupId`)
) ENGINE=MyISAM  DEFAULT CHARSET=utf8 AUTO_INCREMENT=33 ;

--
-- Daten für Tabelle `Group`
--

INSERT INTO `Group` (`GroupId`, `GroupName`, `ParentGroupId`, `Description`, `FoundedDate`, `GroupType`, `GroupAttribute`) VALUES
(1, 0, 9, 0, '0000-00-00', 'Armee', 'NS-Organisation'),
(2, 0, 0, 0, '0000-00-00', 'Gesellschaft', 'NS-Organisation'),
(3, 0, 0, 0, '0000-00-00', 'Armee', 'NS-Organisation'),
(4, 0, 0, 0, '0000-00-00', 'Armee', 'NS-Organisation'),
(5, 0, 0, 0, '0000-00-00', 'Gesellschaft', 'NS-Organisation'),
(6, 0, 0, 0, '0000-00-00', '', 'NS-Organisation'),
(7, 0, 0, 0, '0000-00-00', '', 'NS-Organisation'),
(9, 0, 0, 0, '0000-00-00', 'Armee', 'NS-Organisation'),
(10, 0, 9, 0, '0000-00-00', 'Armee', 'NS-Organisation'),
(11, 0, 4, 0, '0000-00-00', 'Armee', 'NS-Organisation'),
(12, 0, 4, 0, '0000-00-00', 'Armee', 'NS-Organisation'),
(13, 0, 4, 0, '0000-00-00', 'Armee', 'NS-Organisation'),
(14, 0, 9, 0, '0000-00-00', 'Armee', 'NS-Organisation'),
(15, 0, 6, 0, '0000-00-00', 'Armee', 'NS-Organisation'),
(16, 0, 4, 0, '0000-00-00', 'Armee', 'NS-Organisation'),
(17, 0, 0, 0, '0000-00-00', 'Gesellschaft', 'Nicht-NS-Organisation'),
(18, 0, 0, 0, '0000-00-00', 'Gesellschaft', 'Nicht-NS-Organisation'),
(19, 0, 0, 0, '0000-00-00', 'Gesellschaft', 'Nicht-NS-Organisation'),
(20, 0, 0, 0, '0000-00-00', 'Widerstand', 'Nicht-NS-Organisation'),
(21, 0, 0, 0, '0000-00-00', 'Partei', 'Nicht-NS-Organisation'),
(22, 0, 0, 0, '0000-00-00', 'Partei', 'Nicht-NS-Organisation'),
(23, 0, 0, 0, '0000-00-00', 'Partei', 'Nicht-NS-Organisation'),
(24, 0, 0, 0, '0000-00-00', 'Gesellschaft', 'Nicht-NS-Organisation'),
(25, 0, 0, 0, '0000-00-00', 'Gesellschaft', 'Nicht-NS-Organisation'),
(26, 0, 0, 0, '0000-00-00', 'Gewerkschaft', 'Nicht-NS-Organisation'),
(27, 0, 0, 0, '0000-00-00', 'Gewerkschaft', 'Nicht-NS-Organisation'),
(28, 0, 0, 0, '0000-00-00', 'Partei', 'Nicht-NS-Organisation'),
(29, 0, 0, 0, '0000-00-00', 'Gesellschaft', 'Nicht-NS-Organisation'),
(30, 0, 0, 0, '0000-00-00', 'Kirche', 'Nicht-NS-Organisation'),
(31, 0, 0, 0, '0000-00-00', 'Partei', 'Nicht-NS-Organisation'),
(32, 0, 21, 0, '0000-00-00', 'Gesellschaft', 'Nicht-NS-Organisation');

-- --------------------------------------------------------

--
-- Tabellenstruktur für Tabelle `GroupMembership`
--

CREATE TABLE IF NOT EXISTS `GroupMembership` (
  `GroupMembershipId` int(5) NOT NULL,
  `PersonId` int(5) NOT NULL,
  `GroupId` int(5) NOT NULL,
  `StartDate` date NOT NULL,
  `EndDate` date NOT NULL,
  `RankFunction` varchar(50) NOT NULL,
  `isExact` tinyint(1) NOT NULL
) ENGINE=InnoDB DEFAULT CHARSET=utf8;

--
-- Daten für Tabelle `GroupMembership`
--

INSERT INTO `GroupMembership` (`GroupMembershipId`, `PersonId`, `GroupId`, `StartDate`, `EndDate`, `RankFunction`, `isExact`) VALUES
(0, 0, 0, '0000-00-00', '0000-00-00', 'RankFunction', 0),
(0, 4, 9, '1940-00-00', '0000-00-00', '', 0),
(0, 5, 2, '1937-00-00', '0000-00-00', '', 0),
(0, 8, 9, '0000-00-00', '0000-00-00', '', 0),
(0, 15, 7, '0000-00-00', '0000-00-00', 'Maschinenmaat Siegfried D rupp, Feldpost-Nr. M. 23', 0),
(0, 15, 3, '1936-00-00', '0000-00-00', '', 0),
(0, 18, 2, '1934-00-00', '0000-00-00', '', 0),
(0, 18, 6, '1933-04-00', '1933-10-00', '', 0),
(0, 18, 11, '1936-00-00', '0000-00-00', 'Unteroffizier', 0),
(0, 18, 13, '1937-00-00', '0000-00-00', 'Unteroffizier', 0),
(0, 19, 13, '1936-00-00', '0000-00-00', '', 0),
(0, 23, 9, '1940-03-08', '0000-00-00', '', 0),
(0, 29, 10, '0000-00-00', '0000-00-00', 'Unteroffizier', 0),
(0, 33, 5, '0000-00-00', '0000-00-00', '', 0),
(0, 34, 7, '1935-00-00', '1936-00-00', '', 0),
(0, 34, 15, '1936-00-00', '1937-00-00', '', 0),
(0, 34, 16, '1937-11-00', '0000-00-00', 'Obergefreiter', 0),
(0, 38, 7, '0000-00-00', '0000-00-00', '', 0),
(0, 40, 1, '0000-00-00', '0000-00-00', '', 0),
(0, 40, 9, '1937-00-00', '0000-00-00', '', 0),
(0, 44, 12, '1937-11-00', '0000-00-00', 'Flakhelfer in Köln?', 0),
(0, 46, 7, '0000-00-00', '0000-00-00', '', 0),
(0, 46, 9, '1940-02-22', '0000-00-00', 'Oberfüsilier', 0),
(0, 46, 1, '1943-06-00', '0000-00-00', '', 0),
(0, 47, 9, '0000-00-00', '0000-00-00', '', 0),
(0, 48, 2, '0000-00-00', '0000-00-00', '', 0),
(0, 48, 14, '1935-09-00', '1936-04-27', 'Funker', 0),
(0, 49, 9, '0000-00-00', '0000-00-00', '', 0),
(0, 54, 9, '1940-02-28', '0000-00-00', '', 0),
(0, 59, 9, '0000-00-00', '0000-00-00', '', 0),
(0, 67, 1, '0000-00-00', '0000-00-00', '', 0),
(0, 3, 17, '0000-00-00', '0000-00-00', '', 0),
(0, 9, 17, '0000-00-00', '0000-00-00', '', 0),
(0, 10, 17, '0000-00-00', '0000-00-00', '', 0),
(0, 11, 17, '0000-00-00', '0000-00-00', '', 0),
(0, 13, 17, '0000-00-00', '0000-00-00', '', 0),
(0, 21, 17, '0000-00-00', '0000-00-00', '', 0),
(0, 23, 17, '0000-00-00', '0000-00-00', '', 0),
(0, 25, 17, '0000-00-00', '0000-00-00', '', 0),
(0, 29, 17, '0000-00-00', '0000-00-00', '', 0),
(0, 34, 17, '0000-00-00', '0000-00-00', '', 0),
(0, 36, 17, '0000-00-00', '0000-00-00', '', 0),
(0, 40, 17, '0000-00-00', '0000-00-00', '', 0),
(0, 44, 17, '0000-00-00', '0000-00-00', '', 0),
(0, 46, 17, '0000-00-00', '0000-00-00', '', 0),
(0, 58, 17, '0000-00-00', '0000-00-00', '', 0),
(0, 60, 17, '0000-00-00', '0000-00-00', '', 0),
(0, 61, 17, '0000-00-00', '0000-00-00', '', 0),
(0, 63, 17, '0000-00-00', '0000-00-00', '', 0),
(0, 64, 17, '0000-00-00', '0000-00-00', '', 0),
(0, 66, 17, '0000-00-00', '0000-00-00', '', 0),
(0, 67, 17, '0000-00-00', '0000-00-00', '', 0),
(0, 68, 17, '0000-00-00', '0000-00-00', '', 0),
(0, 69, 17, '0000-00-00', '0000-00-00', '', 0),
(0, 3, 18, '0000-00-00', '0000-00-00', '', 0),
(0, 9, 18, '0000-00-00', '0000-00-00', '', 0),
(0, 10, 18, '0000-00-00', '0000-00-00', '', 0),
(0, 21, 18, '0000-00-00', '0000-00-00', '', 0),
(0, 23, 18, '0000-00-00', '0000-00-00', '', 0),
(0, 25, 18, '0000-00-00', '0000-00-00', '', 0),
(0, 29, 18, '0000-00-00', '0000-00-00', '', 0),
(0, 33, 18, '0000-00-00', '0000-00-00', '', 0),
(0, 34, 18, '0000-00-00', '0000-00-00', '', 0),
(0, 36, 18, '0000-00-00', '0000-00-00', '', 0),
(0, 37, 18, '0000-00-00', '0000-00-00', '', 0),
(0, 40, 18, '0000-00-00', '0000-00-00', '', 0),
(0, 44, 18, '0000-00-00', '0000-00-00', '', 0),
(0, 60, 18, '0000-00-00', '0000-00-00', '', 0),
(0, 61, 18, '0000-00-00', '0000-00-00', '', 0),
(0, 63, 18, '0000-00-00', '0000-00-00', '', 0),
(0, 64, 18, '0000-00-00', '0000-00-00', '', 0),
(0, 67, 18, '0000-00-00', '0000-00-00', '', 0),
(0, 69, 18, '0000-00-00', '0000-00-00', '', 0),
(0, 21, 19, '0000-00-00', '0000-00-00', '', 0),
(0, 23, 19, '0000-00-00', '0000-00-00', '', 0),
(0, 29, 19, '0000-00-00', '0000-00-00', '', 0),
(0, 34, 19, '0000-00-00', '0000-00-00', '', 0),
(0, 36, 19, '0000-00-00', '0000-00-00', '', 0),
(0, 37, 19, '0000-00-00', '0000-00-00', '', 0),
(0, 40, 19, '0000-00-00', '0000-00-00', '', 0),
(0, 44, 19, '0000-00-00', '0000-00-00', '', 0),
(0, 64, 19, '0000-00-00', '0000-00-00', '', 0),
(0, 67, 19, '0000-00-00', '0000-00-00', '', 0),
(0, 15, 20, '0000-00-00', '0000-00-00', '', 0),
(0, 22, 20, '0000-00-00', '0000-00-00', '', 0),
(0, 23, 20, '0000-00-00', '0000-00-00', '', 0),
(0, 34, 20, '0000-00-00', '0000-00-00', '', 0),
(0, 40, 20, '0000-00-00', '0000-00-00', '', 0),
(0, 44, 20, '1933-00-00', '0000-00-00', '', 0),
(0, 61, 20, '0000-00-00', '0000-00-00', '', 0),
(0, 67, 20, '0000-00-00', '0000-00-00', '', 0),
(0, 69, 20, '0000-00-00', '0000-00-00', '', 0),
(0, 53, 21, '0000-00-00', '0000-00-00', '', 0),
(0, 65, 21, '0000-00-00', '0000-00-00', '', 0),
(0, 50, 21, '1931-00-00', '1933-00-00', '', 0),
(0, 44, 21, '0000-00-00', '0000-00-00', '', 0),
(0, 43, 21, '1930-00-00', '0000-00-00', '', 0),
(0, 40, 21, '0000-00-00', '0000-00-00', '', 0),
(0, 41, 21, '0000-00-00', '0000-00-00', '', 0),
(0, 42, 32, '0000-00-00', '0000-00-00', '', 0),
(0, 43, 28, '1930-00-00', '0000-00-00', '', 0),
(0, 23, 26, '0000-00-00', '0000-00-00', '', 0),
(0, 51, 30, '0000-00-00', '0000-00-00', 'Vorsitzender', 0),
(0, 46, 22, '0000-00-00', '0000-00-00', '', 0),
(0, 46, 29, '0000-00-00', '0000-00-00', '', 0),
(0, 33, 27, '1928-00-00', '0000-00-00', '', 0),
(0, 33, 25, '1929-00-00', '0000-00-00', '', 0),
(0, 15, 22, '0000-00-00', '1933-00-00', '', 0),
(0, 15, 23, '0000-00-00', '0000-00-00', '', 0),
(0, 15, 24, '0000-00-00', '0000-00-00', '', 0),
(0, 15, 25, '0000-00-00', '0000-00-00', '', 0);

-- --------------------------------------------------------

--
-- Tabellenstruktur für Tabelle `Person`
--

CREATE TABLE IF NOT EXISTS `Person` (
  `PersonId` int(8) unsigned NOT NULL AUTO_INCREMENT,
  `FirstName` varchar(50) NOT NULL,
  `LastName` varchar(50) NOT NULL,
  `NameHint` varchar(50) NOT NULL,
  `isNotExact` tinyint(1) NOT NULL,
  `isPartial` tinyint(1) NOT NULL,
  `MaidenName` varchar(50) NOT NULL,
  `CoverName` varchar(50) NOT NULL,
  `BirthDate` date NOT NULL,
  `BirthYear` int(4) NOT NULL,
  `PlaceOfBirth` varchar(50) NOT NULL,
  `Religion` varchar(50) NOT NULL,
  `Education` varchar(255) NOT NULL,
  `Profession` varchar(255) NOT NULL,
  `Gender` enum('M','W') NOT NULL,
  `RefId` int(11) NOT NULL COMMENT 'Reference ID Excel',
  PRIMARY KEY (`PersonId`),
  UNIQUE KEY `PersonId` (`PersonId`),
  KEY `FirstName` (`FirstName`,`LastName`),
  KEY `MaidenName` (`MaidenName`)
) ENGINE=MyISAM  DEFAULT CHARSET=utf8 AUTO_INCREMENT=71 ;

--
-- Daten für Tabelle `Person`
--

INSERT INTO `Person` (`PersonId`, `FirstName`, `LastName`, `NameHint`, `isNotExact`, `isPartial`, `MaidenName`, `CoverName`, `BirthDate`, `BirthYear`, `PlaceOfBirth`, `Religion`, `Education`, `Profession`, `Gender`, `RefId`) VALUES
(1, '', '"Alfred"', '', 1, 0, '', '', '0000-00-00', 0, '', '', '', '', '', 1),
(2, '', 'unbekannt', 'Adresse Kiesewetter, Castrop Rauxel III, ', 1, 0, '', '', '0000-00-00', 0, '', '', '', '', '', 2),
(3, 'Abend', 'Wilhelmine', '', 0, 0, '', '', '0000-00-00', 0, '', '', '', '', 'W', 3),
(4, 'Becker', 'Albert', '', 0, 0, '', '', '1912-12-01', 1912, 'Dortmund', '', '', 'Metallarbeiter', 'M', 4),
(5, 'Becker', 'Franz', '', 0, 0, '', '', '1909-12-07', 1909, 'Dortmund', 'katholisch', '', 'Brauereiarbeiter', 'M', 5),
(6, 'Beerheide', 'X', '', 0, 1, '', '', '0000-00-00', 0, '', '', '', '', '', 6),
(7, 'Becker', 'Bernhardine', '', 0, 0, '', '', '1908-09-26', 2203, 'Dortmund', 'katholisch', '', 'Haushälterin', 'W', 7),
(8, 'Blome', 'Erich', '', 0, 0, '', '', '1916-02-12', 1916, 'Dortmund', '', '', '', 'M', 8),
(9, 'Braun', 'Erich', '', 0, 0, '', '', '0000-00-00', 0, '', '', '', '', 'M', 9),
(10, 'Braun', 'Erna', '', 0, 0, '', '', '0000-00-00', 0, '', '', '', '', 'W', 10),
(11, 'Chilla', 'Walter', '', 0, 0, '', '', '0000-00-00', 0, '', '', '', 'Vulkaniseur', 'M', 11),
(12, 'Dahms', 'Karl-Heinz', '', 0, 0, '', '', '0000-00-00', 0, '', '', '', 'Hilfsarbeiter', 'M', 12),
(13, 'Domrös', 'Ernst', '', 0, 0, '', '', '0000-00-00', 0, '', '', '', 'Lagerarbeiter', 'M', 13),
(14, 'Dorn', 'Otto', '', 0, 0, '', '', '0000-00-00', 0, '', '', '', 'Schlosser', 'M', 14),
(15, 'Drupp', 'Siegfried', '', 0, 0, '', '', '1915-06-06', 1915, 'Dortmund', 'katholisch', '', 'Vorzeichner', 'M', 15),
(16, 'Dunker', 'Rudolf', '', 0, 0, '', '', '1912-03-30', 1912, 'Dortmund', '', '', 'Anstreicher', 'M', 16),
(17, 'Engel', 'Klara', '', 0, 0, 'Bracht', '', '0000-00-00', 0, '', '', '', '', 'W', 17),
(18, 'Engel', 'Werner', '', 0, 0, '', '', '1919-05-05', 1915, 'Dortmund, Arnsburg', 'gottgläubig', '', 'Verkäufer, z.zT. Bei der Wehrmacht', 'M', 18),
(19, 'Engel', 'Wilhelm', '', 0, 0, '', '', '0000-00-00', 0, '', '', '', 'Invalide', 'M', 19),
(20, 'Fischer', 'X', '', 0, 1, '', '', '0000-00-00', 0, '', '', '', '', '', 20),
(21, 'Gawehn', 'Hedwig', '', 0, 0, '', '', '0000-00-00', 0, '', '', '', '', 'W', 21),
(22, 'Gawehn', 'Josefine', '', 0, 0, '', '', '0000-00-00', 1916, '', '', '', '', 'W', 22),
(23, 'Gawehn', 'Walter', '', 0, 0, '', '', '1911-05-31', 1911, 'Dortmund', 'glaubenlos', 'evangelisch, dann weltliche Volksschule', 'gelernter Dreher; Obst- und Gemüsehandel mit Kasel||Maschinenschlosser', 'M', 23),
(24, 'Geredien', 'Eduard', '', 0, 0, '', '', '0000-00-00', 0, '', '', '', '', 'M', 24),
(25, 'Göpfert', 'Fritz', '', 0, 0, '', '', '0000-00-00', 0, '', '', '', '', 'M', 25),
(26, 'Grunow', 'Anne', '', 0, 0, 'Kasel', '', '0000-00-00', 0, '', '', '', '', 'W', 26),
(27, 'Gützloe', 'Lotte', '', 0, 0, '', '', '1920-11-30', 1920, '', '', '', 'Verkäuferin', 'W', 27),
(28, 'Härtel', 'Hermann', '', 0, 0, '', '', '1901-01-19', 1901, 'Eving', '', '', 'Schweissmeister', 'M', 28),
(29, 'Hohorst', 'Ludwig', '', 0, 0, '', '', '1916-04-05', 1916, 'Blumental', '', '', '', 'M', 29),
(30, 'Hüsing', 'Berta', '', 0, 0, '', '', '1896-01-12', 1896, '', '', '', '', 'W', 30),
(31, 'Hüsing', 'Bruno', '', 0, 0, '', '', '0000-00-00', 0, '', '', '', 'Monteur', 'M', 31),
(32, 'Irmisch', 'Erich', '', 0, 0, '', '', '0000-00-00', 0, '', '', '', '', 'M', 32),
(33, 'Jungmann', 'Eugen', '', 0, 0, '', '', '1909-04-29', 1909, 'Dortmund', '', '', 'Schlosser, Vorzeichner, Elektroschweißer', 'M', 33),
(34, 'Kasel', 'Josef', '', 0, 0, '', '', '1915-09-10', 1915, 'Dortmund', 'glaubenlos, früher kath.', 'weltliche Volksschule?', 'Lehre als Bauzeichner, später Obst- und Gemüsehandel mit Walter Gawehn, Zeitpunkt Festnahme Obergefreiter Flak', 'M', 34),
(35, 'Kasel', 'Susanna', '', 0, 0, 'Spahn', '', '0000-00-00', 0, '', '', '', '', 'W', 35),
(36, 'Kerney', 'Walter', '', 0, 0, '', '', '0000-00-00', 0, '', '', '', '', 'M', 36),
(37, 'Kerney', 'X', '', 0, 1, '', '', '0000-00-00', 0, '', '', '', '', 'W', 37),
(38, 'Killmer', 'Walter', '', 0, 0, '', '', '1915-04-30', 1915, 'Witten', '', '', 'Arbeiter', 'M', 38),
(39, 'Kister', 'August', '', 0, 0, '', '', '0000-00-00', 0, '', '', '', 'Klempner', 'M', 39),
(40, 'Koch', 'Emil', '', 0, 0, '', '', '1915-01-07', 1915, 'Dortmund', '', '', 'Maurer', 'M', 40),
(41, 'Koch', 'Herbert', '', 0, 0, '', '', '1921-02-18', 1921, 'Aschersleben', '', '', 'Elektriker', 'M', 41),
(42, 'Kosshofer', 'Josef', '', 0, 0, '', '', '1896-04-09', 1896, 'Liebenhof bei Dirschau', '', '', 'Schmied', 'M', 42),
(43, 'Kriegeskorte', 'Hans', '', 0, 0, '', '', '1908-02-01', 1908, 'Dortmund', 'evangelisch', '', 'Schlosser', 'M', 43),
(44, 'Krug', 'Julius', '', 0, 0, '', '', '1915-02-10', 1915, 'Dortmund-Dorstfeld', 'evangelisch', '', 'Glasreiniger', 'M', 44),
(45, 'Lampe', 'Else', '', 0, 0, 'Franzrahe', '', '1914-12-30', 1914, '', '', '', '', 'W', 45),
(46, 'Lampe', 'Heinrich', '', 0, 0, '', '', '1912-09-10', 1912, 'Dortmund Arnsberg', 'glaubenlos', '', 'Verkäufer', 'M', 46),
(47, 'Lücke', 'August', '', 0, 0, '', '', '1917-11-07', 1917, 'Wattenscheid', '', '', '', 'M', 47),
(48, 'Manns', 'Paul', '', 0, 0, '', '', '1914-01-21', 1914, 'Dortmund', 'evangelisch', '', 'Schneider', 'M', 48),
(49, 'Masshöfer', 'Julius', '', 0, 0, '', '', '1904-10-21', 1904, 'Ende, Krs. Ennepe-Ruhr', '', '', 'Gärtner', 'M', 49),
(50, 'Neukötter', 'Friedhelm', '', 0, 0, '', '', '1911-11-15', 1911, 'Dortmund', '', '', 'Zahntechniker', 'M', 50),
(51, 'Nickel', 'X', '', 0, 1, '', '', '0000-00-00', 0, '', '', '', '', '', 51),
(52, '', 'unbekannt', 'Onkel von Becker, Franz', 1, 0, '', '', '0000-00-00', 0, '', '', '', '', 'M', 52),
(53, 'Otting', 'Alfred', '', 0, 0, '', '', '1902-07-20', 1902, 'Holzen, Kreis Hörde', 'evangelisch', '', 'Bergmann', 'M', 53),
(54, 'Padberg', 'Franz', '', 0, 0, '', '', '1912-11-20', 1912, 'Dortmund', '', '', 'Gärtner', 'M', 54),
(55, 'Peters', 'Fritz', '', 0, 0, '', '', '0000-00-00', 0, 'Dortmund-Husen, Loheidestr.4', '', '', 'Nieter', 'M', 55),
(56, 'Rüthers', 'G', '', 0, 1, '', '', '0000-00-00', 0, '', '', '', '', 'W', 56),
(57, 'Scheffer', 'Emmy ', '', 0, 0, '', '', '0000-00-00', 0, '', '', '', '', 'W', 57),
(58, 'Luke', 'Hildegard', '', 0, 0, '', '', '1913-04-22', 1913, 'Dortmund, Bövinghausen', 'evangelisch', '', 'Kinderschwester', 'W', 58),
(59, 'Schön', 'Hermann', '', 0, 0, '', '', '1914-11-17', 1914, 'Dortmund', '', '', 'Monteur', 'M', 59),
(60, 'Schulz', 'Fritz', '', 0, 0, '', '', '0000-00-00', 0, '', '', '', '', 'M', 60),
(61, 'Trokkel', 'Bernhard', '', 0, 0, '', '', '0000-00-00', 0, '', '', '', '', 'M', 61),
(62, 'Uhlenbrock', 'Ilse', '', 0, 0, '', '', '0000-00-00', 0, '', '', '', '', 'W', 62),
(63, 'Wellner', 'Else', '', 0, 0, '', '', '0000-00-00', 0, '', '', '', '', 'W', 63),
(64, 'Wessolek', 'Willi', '', 0, 0, '', '', '0000-00-00', 0, '', '', '', '', 'M', 64),
(65, 'Winzen', 'August', '', 0, 0, '', '', '0000-00-00', 1866, 'Richrath', '', '', 'Graveur', 'M', 65),
(66, 'Koch', 'Elfriede', '', 0, 0, 'Winzen', '', '0000-00-00', 0, '', '', '', '', 'W', 66),
(67, 'Winzen', 'Erich', '', 0, 0, '', '', '1908-01-09', 1908, 'Dortmund', '', '', 'Arbeiter', 'M', 67),
(68, 'Winzen', 'Helene', '', 0, 0, '', '', '1886-06-07', 1886, 'Arnau, Ostpreußen', '', '', '', 'W', 68),
(69, 'Winzen', 'Paul', '', 0, 0, '', '', '1911-11-24', 1911, 'Dortmund', 'glaubenlos', 'Aufbauschule Herdecke bis Unterprima', '', 'M', 69),
(70, 'Zierner', 'Walter', '', 0, 0, '', '', '1898-05-25', 1898, 'Zernicki', 'glaubenlos', '', 'Brauereiarbeiter', 'M', 70);

-- --------------------------------------------------------

--
-- Tabellenstruktur für Tabelle `PersonResidenceMM`
--

CREATE TABLE IF NOT EXISTS `PersonResidenceMM` (
  `PersonResidenceMmId` int(11) NOT NULL AUTO_INCREMENT,
  `PersonId` int(11) NOT NULL,
  `ResidenceId` int(11) NOT NULL,
  `FromDate` date NOT NULL,
  `ToDate` date NOT NULL,
  PRIMARY KEY (`PersonResidenceMmId`)
) ENGINE=MyISAM  DEFAULT CHARSET=utf8 AUTO_INCREMENT=49 ;

--
-- Daten für Tabelle `PersonResidenceMM`
--

INSERT INTO `PersonResidenceMM` (`PersonResidenceMmId`, `PersonId`, `ResidenceId`, `FromDate`, `ToDate`) VALUES
(1, 27, 1, '0000-00-00', '0000-00-00'),
(2, 27, 2, '0000-00-00', '0000-00-00'),
(3, 34, 3, '0000-00-00', '0000-00-00'),
(4, 42, 4, '0000-00-00', '0000-00-00'),
(5, 39, 5, '0000-00-00', '0000-00-00'),
(6, 49, 6, '0000-00-00', '0000-00-00'),
(7, 44, 7, '0000-00-00', '0000-00-00'),
(8, 32, 8, '0000-00-00', '0000-00-00'),
(9, 55, 9, '0000-00-00', '0000-00-00'),
(10, 14, 10, '0000-00-00', '0000-00-00'),
(11, 38, 11, '0000-00-00', '0000-00-00'),
(12, 46, 12, '0000-00-00', '0000-00-00'),
(13, 29, 13, '0000-00-00', '0000-00-00'),
(14, 70, 14, '0000-00-00', '0000-00-00'),
(15, 28, 15, '0000-00-00', '0000-00-00'),
(16, 43, 16, '0000-00-00', '0000-00-00'),
(17, 16, 17, '0000-00-00', '0000-00-00'),
(18, 23, 18, '0000-00-00', '0000-00-00'),
(19, 50, 19, '0000-00-00', '0000-00-00'),
(20, 50, 20, '0000-00-00', '0000-00-00'),
(21, 48, 21, '0000-00-00', '0000-00-00'),
(22, 53, 22, '0000-00-00', '0000-00-00'),
(23, 59, 23, '0000-00-00', '0000-00-00'),
(24, 13, 24, '0000-00-00', '0000-00-00'),
(25, 8, 25, '0000-00-00', '0000-00-00'),
(26, 54, 26, '0000-00-00', '0000-00-00'),
(27, 54, 27, '0000-00-00', '0000-00-00'),
(28, 17, 28, '0000-00-00', '0000-00-00'),
(29, 18, 28, '0000-00-00', '0000-00-00'),
(30, 4, 29, '0000-00-00', '0000-00-00'),
(31, 5, 29, '0000-00-00', '0000-00-00'),
(32, 15, 30, '0000-00-00', '0000-00-00'),
(33, 65, 31, '0000-00-00', '0000-00-00'),
(34, 67, 31, '0000-00-00', '0000-00-00'),
(35, 68, 31, '0000-00-00', '0000-00-00'),
(36, 69, 31, '0000-00-00', '0000-00-00'),
(37, 12, 32, '0000-00-00', '0000-00-00'),
(38, 40, 33, '0000-00-00', '0000-00-00'),
(39, 19, 34, '0000-00-00', '0000-00-00'),
(40, 24, 35, '0000-00-00', '0000-00-00'),
(41, 7, 36, '0000-00-00', '0000-00-00'),
(42, 56, 37, '0000-00-00', '0000-00-00'),
(43, 58, 38, '0000-00-00', '0000-00-00'),
(44, 58, 39, '0000-00-00', '0000-00-00'),
(45, 62, 40, '0000-00-00', '0000-00-00'),
(46, 2, 41, '0000-00-00', '0000-00-00'),
(47, 11, 42, '0000-00-00', '0000-00-00'),
(48, 47, 43, '0000-00-00', '0000-00-00');

-- --------------------------------------------------------

--
-- Tabellenstruktur für Tabelle `Residence`
--

CREATE TABLE IF NOT EXISTS `Residence` (
  `ResidenceId` int(5) NOT NULL AUTO_INCREMENT,
  `City` varchar(50) NOT NULL,
  `District` varchar(50) NOT NULL,
  `Street` varchar(50) NOT NULL,
  `ResidenceRef` varchar(50) NOT NULL,
  PRIMARY KEY (`ResidenceId`)
) ENGINE=MyISAM  DEFAULT CHARSET=utf8 AUTO_INCREMENT=44 ;

--
-- Daten für Tabelle `Residence`
--

INSERT INTO `Residence` (`ResidenceId`, `City`, `District`, `Street`, `ResidenceRef`) VALUES
(1, 'Datteln', '', 'Adolf-Hitler-Straße 11', 'Datteln, Adolf-Hitlerstraße 11, Datteln, Pevelings'),
(2, 'Datteln', '', 'Pevelingstraße 32', 'Datteln, Adolf-Hitlerstraße 11, Datteln, Pevelings'),
(3, 'Dormund', '', 'Gneisenaustraße 89', 'Dormund, Gneisenaustraße Nr. 89'),
(4, 'Dortmund', 'Hörde', 'Auf der Rembeginsel 5 a', 'Dortmund Hörde, Auf der Rembeginsel 5 a'),
(5, 'Dortmund', 'Aplerbeck', 'Sterie 35', 'Dortmund-Aplerbeck, Sterie 35'),
(6, 'Dortmund', 'Brünninghausen', 'Hochofenstraße 154', 'Dortmund-Brünninghausen, Hochofenstraße Nr. 154.'),
(7, 'Dortmund', 'Dorstfeld', 'Am Mühlenberg 45', 'Dortmund-Dorstfeld, Am Mühlenberg 45'),
(8, 'Dortmund', 'Dorstfeld', 'Zechenstraße ?', 'Dortmund-Dorstfeld, Zechenstraße Nr.?'),
(9, 'Dortmund', 'Hüsen', 'Loheidestraße 4', 'Dortmund-Hüsen, Loheidestraße Nr. 4'),
(10, 'Dortmund', 'Körne', 'Liboristraße 42', 'Dortmund-Körne, Liboristraße Nr. 42'),
(11, 'Dortmund', '', 'Alsenstraße 88', 'Dortmund, Alsenstraße Nr. 88'),
(12, 'Dortmund', '', 'Alsenstraße 69', 'Dortmund, Alsenstraße Nr.69'),
(13, 'Dortmund', '', 'Amilienstraße 33', 'Dortmund, Amilienstr. 33'),
(14, 'Dortmund', '', 'Baumstraße 12', 'Dortmund, Baumstraße Nr.12'),
(15, 'Dortmund', '', 'Bornstraße 332', 'Dortmund, Bornstrasse 332'),
(16, 'Dortmund', '', 'Brückstraße 27', 'Dortmund, Brückstraße Nr.27'),
(17, 'Dortmund', '', 'Göringstraße 28', 'Dortmund, Göringstraße Nr.28'),
(18, 'Dortmund', '', 'Güntherstraße 100', 'Dortmund, Güntherstraße Nr.100'),
(19, 'Dortmund', 'III', 'Kampstraße 20a', 'Dortmund, II Kampstrasse 20a|Münsterstr.53'),
(20, 'Dortmund', '', 'Münsterstraße 53', 'Dortmund, II Kampstrasse 20a|Münsterstr.53'),
(21, 'Dortmund', '', 'Kampstraße 82', 'Dortmund, Kamp-Str.82'),
(22, 'Dortmund', '', 'Krautstraße 31', 'Dortmund, Krautstraße Nr.31'),
(23, 'Dortmund', '', 'Lange Straße 10', 'Dortmund, Lange Strasse 10'),
(24, 'Dortmund', '', 'Leibnizstraße 24', 'Dortmund, Leibnizstrasse 24'),
(25, 'Dortmund', '', 'Münsterstraße 166', 'Dortmund, Münsterstrasse 166'),
(26, 'Dortmund', '', 'Neue Straße 8', 'Dortmund, Neue Straße Nr.8||Roseggerstr.50'),
(27, 'Dortmund', '', 'Roseggerstraße 50', 'Dortmund, Neue Straße Nr.8||Roseggerstr.50'),
(28, 'Dortmund', '', 'Ostenhellweg 41', 'Dortmund, Ostenhellweg Nr.41'),
(29, 'Dortmund', '', 'Roßstraße 21a', 'Dortmund, Roßstraße Nr.21a'),
(30, 'Dortmund', '', 'Schleswigerstraße 34', 'Dortmund, Schleswigerstraße Nr.34'),
(31, 'Dortmund', '', 'Steinstraße 42', 'Dortmund, Steinstraße Nr.42'),
(32, 'Dortmund', '', 'Sternstraße 46', 'Dortmund, Sternstrasse 46'),
(33, 'Dortmund', '', 'Treibstraße 17 2/2', 'Dortmund, Treibstr. 17 2/2'),
(34, 'Dortmund', '', 'Weiherstraße 71', 'Dortmund, Weiherstraße Nr. 71, '),
(35, 'Dortmund', '', 'Weisbachstraße 20', 'Dortmund, Weisbachstr.20'),
(36, 'Dortmund', '', 'Weisbachstraße 20', 'Dortmund, Weisbachstraße Nr.20'),
(37, '', '', 'Flensburgerstraße 15', 'Flensburgerstraße Nr. 15'),
(38, 'Hamburg', '', 'Grindelweg', 'Hamburg, Grindelweg / Hamburg XIII, Badestraße Kr.'),
(39, 'Hamburg', 'XIII', 'Badestraße Kr. 45 62.', 'Hamburg, Grindelweg / Hamburg XIII, Badestraße Kr.'),
(40, 'Hörde', '', 'Marxberg 2', 'Hörde, Marxberg 2'),
(41, 'Castrop-Rauxel', 'III', '', 'Kiesewetter, Castrop Rauxel III, '),
(42, 'Lünen', 'Süd', 'Dernerstraße 93', 'Lünen-Süd, Dernerstraße 93, '),
(43, 'Wattenscheid', '', 'Hillerstraße 69', 'Wattenscheid, Hillerstrasse 69');

-- --------------------------------------------------------

--
-- Tabellenstruktur für Tabelle `TimeEvent`
--

CREATE TABLE IF NOT EXISTS `TimeEvent` (
  `TimeEventId` int(11) NOT NULL,
  `DateStamp` date NOT NULL,
  `isDated` tinyint(1) NOT NULL,
  `Type` enum('Vernehmung','Geburt','Festnahme','Entlassung','Einlieferung','Verurteilung','Tod') NOT NULL,
  `RelatedSentence` int(11) NOT NULL,
  `RelatedExecuticeAction` int(11) NOT NULL,
  `Hours` time NOT NULL
) ENGINE=InnoDB DEFAULT CHARSET=utf8;

--
-- Daten für Tabelle `TimeEvent`
--

INSERT INTO `TimeEvent` (`TimeEventId`, `DateStamp`, `isDated`, `Type`, `RelatedSentence`, `RelatedExecuticeAction`, `Hours`) VALUES
(1, '1940-02-27', 0, 'Vernehmung', 0, 0, '00:00:00'),
(42, '1940-04-08', 0, 'Vernehmung', 0, 0, '00:00:00'),
(42, '1940-04-23', 0, 'Vernehmung', 0, 0, '00:00:00'),
(42, '1940-04-28', 0, 'Vernehmung', 0, 0, '00:00:00'),
(68, '1940-05-04', 0, 'Vernehmung', 0, 0, '00:00:00'),
(78, '1940-05-14', 0, 'Vernehmung', 0, 0, '00:00:00'),
(105, '1940-06-10', 0, 'Vernehmung', 0, 0, '00:00:00'),
(112, '1940-06-17', 0, 'Vernehmung', 0, 0, '00:00:00'),
(126, '1940-07-01', 0, 'Vernehmung', 0, 0, '00:00:00'),
(127, '1940-07-02', 0, 'Vernehmung', 0, 0, '00:00:00'),
(130, '1940-07-05', 0, 'Vernehmung', 0, 0, '00:00:00'),
(133, '1940-07-08', 0, 'Vernehmung', 0, 0, '00:00:00'),
(138, '1940-07-13', 0, 'Vernehmung', 0, 0, '00:00:00'),
(140, '1940-07-15', 0, 'Vernehmung', 0, 0, '00:00:00'),
(141, '1940-07-16', 0, 'Vernehmung', 0, 0, '00:00:00'),
(142, '1940-07-17', 0, 'Vernehmung', 0, 0, '00:00:00'),
(144, '1940-07-19', 0, 'Vernehmung', 0, 0, '00:00:00'),
(147, '1940-07-22', 0, 'Vernehmung', 0, 0, '00:00:00'),
(148, '1940-07-23', 0, 'Vernehmung', 0, 0, '00:00:00'),
(155, '1940-07-30', 0, 'Vernehmung', 0, 0, '00:00:00'),
(157, '1940-08-01', 0, 'Vernehmung', 0, 0, '00:00:00'),
(163, '1940-08-07', 0, 'Vernehmung', 0, 0, '00:00:00'),
(165, '1940-08-09', 0, 'Vernehmung', 0, 0, '00:00:00'),
(176, '1940-08-20', 0, 'Vernehmung', 0, 0, '00:00:00'),
(185, '1940-08-29', 0, 'Vernehmung', 0, 0, '00:00:00'),
(274, '1940-11-26', 0, 'Vernehmung', 0, 0, '00:00:00'),
(259, '1940-12-11', 0, 'Vernehmung', 0, 0, '00:00:00'),
(348, '1941-02-08', 0, 'Vernehmung', 0, 0, '00:00:00'),
(465, '1941-06-05', 0, 'Vernehmung', 0, 0, '00:00:00'),
(492, '1941-07-02', 0, 'Vernehmung', 0, 0, '00:00:00'),
(493, '0000-00-00', 0, 'Vernehmung', 0, 0, '00:00:00'),
(1000, '1901-01-19', 0, 'Geburt', 0, 0, '00:00:00'),
(1001, '1902-07-20', 0, 'Geburt', 0, 0, '00:00:00'),
(1002, '1904-10-21', 0, 'Geburt', 0, 0, '00:00:00'),
(1003, '1908-01-09', 0, 'Geburt', 0, 0, '00:00:00'),
(1004, '1908-02-01', 0, 'Geburt', 0, 0, '00:00:00'),
(1005, '1908-09-26', 0, 'Geburt', 0, 0, '00:00:00'),
(1006, '1909-04-29', 0, 'Geburt', 0, 0, '00:00:00'),
(1007, '1909-12-07', 0, 'Geburt', 0, 0, '00:00:00'),
(1008, '1911-05-31', 0, 'Geburt', 0, 0, '00:00:00'),
(1009, '1911-11-15', 0, 'Geburt', 0, 0, '00:00:00'),
(1010, '1911-11-24', 0, 'Geburt', 0, 0, '00:00:00'),
(1011, '1912-03-30', 0, 'Geburt', 0, 0, '00:00:00'),
(1012, '1912-09-10', 0, 'Geburt', 0, 0, '00:00:00'),
(1013, '1912-11-20', 0, 'Geburt', 0, 0, '00:00:00'),
(1014, '1912-12-01', 0, 'Geburt', 0, 0, '00:00:00'),
(1015, '1913-04-22', 0, 'Geburt', 0, 0, '00:00:00'),
(1016, '1914-01-21', 0, 'Geburt', 0, 0, '00:00:00'),
(1017, '1914-11-17', 0, 'Geburt', 0, 0, '00:00:00'),
(1018, '1914-12-30', 0, 'Geburt', 0, 0, '00:00:00'),
(1019, '1915-01-07', 0, 'Geburt', 0, 0, '00:00:00'),
(1020, '1915-02-10', 0, 'Geburt', 0, 0, '00:00:00'),
(1021, '1915-04-30', 0, 'Geburt', 0, 0, '00:00:00'),
(1022, '1915-06-06', 0, 'Geburt', 0, 0, '00:00:00'),
(1023, '1915-09-10', 0, 'Geburt', 0, 0, '00:00:00'),
(1024, '1916-02-12', 0, 'Geburt', 0, 0, '00:00:00'),
(1025, '1916-04-05', 0, 'Geburt', 0, 0, '00:00:00'),
(1026, '1917-11-07', 0, 'Geburt', 0, 0, '00:00:00'),
(1027, '1919-05-05', 0, 'Geburt', 0, 0, '00:00:00'),
(1028, '1920-11-30', 0, 'Geburt', 0, 0, '00:00:00'),
(1029, '1921-02-18', 0, 'Geburt', 0, 0, '00:00:00'),
(1030, '1886-06-07', 0, 'Geburt', 0, 0, '00:00:00'),
(1031, '1896-01-12', 0, 'Geburt', 0, 0, '00:00:00'),
(1032, '1896-04-09', 0, 'Geburt', 0, 0, '00:00:00'),
(1033, '1898-05-25', 0, 'Geburt', 0, 0, '00:00:00'),
(2001, '1940-08-15', 0, 'Festnahme', 0, 2001, '00:00:00'),
(2002, '1940-06-27', 0, 'Festnahme', 0, 2002, '00:00:00'),
(2003, '1940-06-27', 0, 'Festnahme', 0, 2003, '00:00:00'),
(2004, '1940-08-16', 0, 'Festnahme', 0, 2004, '00:00:00'),
(2005, '1940-06-27', 0, 'Festnahme', 0, 2005, '00:00:00'),
(2006, '1940-07-09', 0, 'Festnahme', 0, 2006, '00:00:00'),
(2007, '1940-07-13', 0, 'Festnahme', 0, 2007, '00:00:00'),
(2008, '1936-03-05', 0, 'Festnahme', 0, 2008, '00:00:00'),
(2009, '1940-06-27', 0, 'Festnahme', 0, 2009, '00:00:00'),
(2010, '1940-06-28', 0, 'Festnahme', 0, 2010, '00:00:00'),
(2014, '1940-06-27', 0, 'Festnahme', 0, 2014, '18:00:00'),
(2015, '1940-06-27', 0, 'Festnahme', 0, 2015, '00:00:00'),
(2025, '1940-06-27', 0, 'Festnahme', 0, 2025, '00:00:00'),
(2201, '1940-07-01', 0, 'Einlieferung', 0, 0, '00:00:00'),
(2300, '0000-00-00', 0, 'Entlassung', 0, 0, '00:00:00'),
(2400, '1941-06-07', 0, 'Verurteilung', 0, 2400, '00:00:00'),
(2401, '1942-02-21', 0, 'Verurteilung', 0, 2401, '00:00:00'),
(2402, '1941-06-07', 0, 'Verurteilung', 0, 2402, '00:00:00'),
(2403, '1942-10-16', 0, 'Verurteilung', 0, 2403, '00:00:00'),
(2404, '1941-06-07', 0, 'Verurteilung', 0, 2404, '00:00:00'),
(2405, '1941-06-07', 0, 'Verurteilung', 0, 2405, '00:00:00'),
(2406, '1941-06-07', 0, 'Verurteilung', 0, 2406, '00:00:00'),
(2407, '1942-02-21', 0, 'Verurteilung', 0, 2407, '00:00:00'),
(2408, '1941-06-07', 0, 'Verurteilung', 0, 2408, '00:00:00'),
(2409, '1941-06-07', 0, 'Verurteilung', 0, 2409, '00:00:00'),
(2410, '1941-12-12', 0, 'Verurteilung', 0, 2410, '00:00:00'),
(2411, '1941-06-07', 0, 'Verurteilung', 0, 2411, '00:00:00'),
(2412, '1941-06-07', 0, 'Verurteilung', 0, 2412, '00:00:00'),
(2412, '1941-12-12', 0, 'Verurteilung', 0, 2412, '00:00:00'),
(2413, '1941-06-07', 0, 'Verurteilung', 0, 2413, '00:00:00'),
(2414, '1941-06-07', 0, 'Verurteilung', 0, 2414, '00:00:00'),
(2415, '1941-12-12', 0, 'Verurteilung', 0, 2415, '00:00:00'),
(2416, '1941-06-07', 0, 'Verurteilung', 0, 2416, '00:00:00'),
(2417, '1941-06-07', 0, 'Verurteilung', 0, 2417, '00:00:00'),
(2418, '1941-06-07', 0, 'Verurteilung', 0, 2418, '00:00:00'),
(2419, '1941-06-07', 0, 'Verurteilung', 0, 2419, '00:00:00'),
(2429, '1942-02-21', 0, 'Verurteilung', 0, 2429, '00:00:00'),
(9900, '1940-06-28', 0, 'Tod', 0, 0, '00:00:00'),
(9901, '1942-06-12', 0, 'Tod', 0, 0, '00:00:00'),
(9902, '1905-06-10', 0, 'Tod', 0, 0, '00:00:00'),
(9903, '1991-06-17', 0, 'Tod', 0, 0, '00:00:00'),
(9904, '1945-12-31', 0, 'Tod', 0, 0, '00:00:00'),
(9905, '1960-11-23', 0, 'Tod', 0, 0, '00:00:00'),
(9906, '1948-10-14', 0, 'Tod', 0, 0, '00:00:00'),
(9907, '1943-04-01', 0, 'Tod', 0, 0, '00:00:00');
